############################################################## 
## MOD Title:          Start a new phpBB style - part 1
## MOD Author:         -=ET=- < space_et@tiscali.fr > N/A (http//:golfexpert.net/phpbb)
## MOD Description:    This tool let you start/create a new phpBB
##                     2.0.5 to 2.0.8a style from subSilver.
##                     This part 1 create a new template folder, copy the 152
##                     files which need to be copied, and rename 2 of those.
## MOD Version:        1.1.2
## Compatibility:      2.0.5->2.0.8a (prior release not tested)
##
## Installation Level: Easy
## Installation Time:  5 Minutes (1mn by EasyMOD of Nuttzy)
## Files To Edit:      0
##
## Included Files:     153
##      new_style_db_update.php
##      root/templates/subSilver/*.* (152 files)
##
############################################################## 
## For Security Purposes, Please Check: http://www.phpbb.com/mods/ for the 
## latest version of this MOD. Downloading this MOD from other sites could cause malicious code 
## to enter into your phpBB Forum. As such, phpBB will not offer support for MOD's not offered 
## in our MOD-Database, located at: http://www.phpbb.com/mods/ 
############################################################## 
## Author Notes:
##
## 1. Copyright
## -----------
## All the files in the root/templates/subSilver/ directory
## and sub directories are Copyright (C) phpBB.com (http://www.phpbb.com)
## under GPL licence.
## They are distributed in this tool to simplify its use and
## thanks to the GPL licence. They do not have been modified,
## and of course they are still under GPL licence, as this tool.
##
## 2. Overall
## -----------
## This "MOD" (Start a new phpBB 2.0.5->2.0.8a style) is in fact
## not a MOD (as MOD mean MODification).
## First of all, you must understand that these instructions,
## presented as a MOD, do NOT modify or install anything on a
## phpBB forum, including the new style they create!!!
##
## This tool only let you create all the files of a new ready
## to use phpBB style (phpBB 2.0.5 to 2.0.8a compliant, including
## the phpBB 2.0.7 template fix which is phpBB 2.0.5 to 2.0.8a
## compliant), but does absolutly NOT install it.
##
## And the reason why it's presented like a MOD is only because
## it's the easiest and safest way to present instructions
## and be sure that they will be understand by anyone.
##
## In detail, what does this tool do?
## In fact, it gives you the only and correct instructions to
## create un new style, so copying the 152 subSilver original files
## in a "new style" directory, rename the 2 files which need to
## be renamed, proceeding 89 FIND/REPLACE to adapt the 20 files
## which need to be adapted to your new "Style name", "Author name",
## and "Web site url", and add a "Style created by..." line at
## the bottom of the pages.
## And all these new modified (or not) files are put in a New style
## new directory in the /templates/ one.
##
## 3. Install instructions
## -----------
## Optional but recommanded:
## This tool can fully be proceed manually, but I strongly advise
## you to use EasyMOD!
## EM has been created by Nuttzy to install MODs, but it's in fact
## a very powerful toy to proceed any instruction on phpBB files.
## So there was no reason not to use its features to do many other
## things, such as creating new styles. This tool is then the
## FIRST one designed to use EM's features, even if it does not
## install/modify anything on your forum! :-)
##
## Then, my advise is: use EM to proceed all the instructions of
## this tool. It will simply be greatly easier, and safer!
##
## And if you choose to use EM, please:
##  . install EM
##      http://area51.phpbb.com/phpBB22/viewforum.php?sid=&f=15
##  . copy this MOD directory to the admin/mods/ directory
##
## Next, using EM or not...
## - IMPORTANT! Edit this file (with Notepad for example) and
##   find/replace ALL:
##    . "newStyle" by "the name of your new style"
##   You must perform a global replace of "newStyle" with
##   whatever you want to call your new style.
##   Be careful to use only letters and numbers with no space
##   as it will be used among other for a directory name.
## - Save the changes
##
## - IMPORTANT! Edit new_style_part2_*.txt (with Notepad for
##   example) and find/replace ALL:
##    . "newStyle" by "the name of your new style"
##      (only letters and numbers with no space!)
##    . "styleAuthor" by "your name"
##    . "authorWebSite" by "the url of your Web site"
##   You must perform 3 global replace.
##   Be careful for your new style name to use only letters and
##   numbers with no space as it will be used among other for a
##   directory name.
## - Save the changes
##
## - If you want to install the visual confirmation
##   uncomment the last copy instruction at the bottom
##   of this MOD (part 1)
##
## - Install by EM or proceed manually first part 1 (this file)
## - then install by EM or proceed manually part 2 (the other
##   instructions file)
##
## Only if you have used EasyMOD...
## You must delete the 2 MODs in the EasyMOD history as in fact
## no MOD has been installed!
## To do so...
##  . Copy new_style_db_update.php to your phpBB root directory
##  . Run new_style_db_update.php in your phpBB root directory
##    with your browser
##  . Delete the new_style_db_update.php file in your phpBB
##    root directory
## 
## 4. Comments to personalize your new style
## -----------
## Your new style is now ready in the templates/newStyle
## directory. Now, to personalyze it you have 2 possibilities:
## - you may just want modify the colors and the images to create
##   a subSilver clone with the same code to be fully compliant
##   with all the phpBB MODs,
## - or you may want to modify the colors, the image and the
##   template code to fully personalize your new style.
##
## In anycase to modify the colors:
##  . Install the style...
##     ACP > Styles Admin > Add > Install
##  . Modify the colors...
##     ACP > Styles Admin > Management > Edit
##  . And export the new theme data...
##     ACP > Styles Admin > Export > Select the template > Submit
##
## And when your new style will be fully finish, don't forget to
## update your newStyle.css. To do it...
##  . display the index page > display the source code of the page
##  . copy the lines after these ones...
##        <style type="text/css">
##        <!--
##    ...to the lines before these ones...
##        -->
##        </style>
##  . paste the lines copied in place of the old ones in your
##    newStyle.css file
##
## 5. Official last version link
## -----------
## Meanwhile the phpBB group validation and as the tool is not yet
## in the phpBB MOD database, check this official link for updates...
## http://www.golfexpert.net/phpbb
##
############################################################## 
## MOD History: 
## 
##   2004-05-15 - Version 1.1.2
##      - Improve the tool Author Notes
##
##   2004-03-29 - Version 1.1.1
##      - Tool compliant with the visual confirmation add-on
##      - Include the 2.0.7 fix (still compliant with phpBB 2.0.5/2.0.6)
##
##   2004-02-03 - Version 1.1.0
##      - The tool do NOT need to work on a vanilla phpBB release
##        It can now work on an already modded forum :-)
##      - Remove the modifications in any other files than the
##        style ones
##
##   2004-02-02 - Version 1.0.1
##      - Copy an index.htm file in templates/newStyle/images/lang_english/
##      - Copy new_style_db_update.php in the phpBB root directory
##      - Delete "/" after "subSilver dev. forum: www.subSky.com/phpBB2/"
##        to succeed the MOD validator test
##      - Use the language files for "Style created by"
##      - Enhance the instructions
##      - Replacement simplified in theme_info.cfg
##
##   2003-11-24 - Version 1.0.0
##      - Initial Release
##
############################################################## 
## Before Adding This MOD To Your Forum, You Should Back Up All Files Related To This MOD 
############################################################## 
# 
#-----[ COPY ]------------------------------------------------ 
#
# All the subSilver files are copied except:
#
# templates/subSilver/images/created_by.jpg (this image is only for subSilver)
#
# templates/subSilver/index.htm and templates/subSilver/images/index.htm
# are replaced by templates/subSilver/admin/index.htm which is a blank page.
#
# subSilver.cfg and subSilver.css are renamed in newStyle.cfg and newStyle.css
#
copy root/templates/subSilver/agreement.tpl to templates/newStyle/agreement.tpl
copy root/templates/subSilver/bbcode.tpl to templates/newStyle/bbcode.tpl
copy root/templates/subSilver/confirm_body.tpl to templates/newStyle/confirm_body.tpl
copy root/templates/subSilver/error_body.tpl to templates/newStyle/error_body.tpl
copy root/templates/subSilver/faq_body.tpl to templates/newStyle/faq_body.tpl
copy root/templates/subSilver/formIE.css to templates/newStyle/formIE.css
copy root/templates/subSilver/groupcp_info_body.tpl to templates/newStyle/groupcp_info_body.tpl
copy root/templates/subSilver/groupcp_pending_info.tpl to templates/newStyle/groupcp_pending_info.tpl
copy root/templates/subSilver/groupcp_user_body.tpl to templates/newStyle/groupcp_user_body.tpl
copy root/templates/subSilver/admin/index.htm to templates/newStyle/index.htm
copy root/templates/subSilver/index_body.tpl to templates/newStyle/index_body.tpl
copy root/templates/subSilver/jumpbox.tpl to templates/newStyle/jumpbox.tpl
copy root/templates/subSilver/login_body.tpl to templates/newStyle/login_body.tpl
copy root/templates/subSilver/memberlist_body.tpl to templates/newStyle/memberlist_body.tpl
copy root/templates/subSilver/message_body.tpl to templates/newStyle/message_body.tpl
copy root/templates/subSilver/modcp_body.tpl to templates/newStyle/modcp_body.tpl
copy root/templates/subSilver/modcp_move.tpl to templates/newStyle/modcp_move.tpl
copy root/templates/subSilver/modcp_split.tpl to templates/newStyle/modcp_split.tpl
copy root/templates/subSilver/modcp_viewip.tpl to templates/newStyle/modcp_viewip.tpl
copy root/templates/subSilver/overall_footer.tpl to templates/newStyle/overall_footer.tpl
copy root/templates/subSilver/overall_header.tpl to templates/newStyle/overall_header.tpl
copy root/templates/subSilver/posting_body.tpl to templates/newStyle/posting_body.tpl
copy root/templates/subSilver/posting_poll_body.tpl to templates/newStyle/posting_poll_body.tpl
copy root/templates/subSilver/posting_preview.tpl to templates/newStyle/posting_preview.tpl
copy root/templates/subSilver/posting_smilies.tpl to templates/newStyle/posting_smilies.tpl
copy root/templates/subSilver/posting_topic_review.tpl to templates/newStyle/posting_topic_review.tpl
copy root/templates/subSilver/privmsgs_body.tpl to templates/newStyle/privmsgs_body.tpl
copy root/templates/subSilver/privmsgs_popup.tpl to templates/newStyle/privmsgs_popup.tpl
copy root/templates/subSilver/privmsgs_preview.tpl to templates/newStyle/privmsgs_preview.tpl
copy root/templates/subSilver/privmsgs_read_body.tpl to templates/newStyle/privmsgs_read_body.tpl
copy root/templates/subSilver/profile_add_body.tpl to templates/newStyle/profile_add_body.tpl
copy root/templates/subSilver/profile_avatar_gallery.tpl to templates/newStyle/profile_avatar_gallery.tpl
copy root/templates/subSilver/profile_send_email.tpl to templates/newStyle/profile_send_email.tpl
copy root/templates/subSilver/profile_send_pass.tpl to templates/newStyle/profile_send_pass.tpl
copy root/templates/subSilver/profile_view_body.tpl to templates/newStyle/profile_view_body.tpl
copy root/templates/subSilver/search_body.tpl to templates/newStyle/search_body.tpl
copy root/templates/subSilver/search_results_posts.tpl to templates/newStyle/search_results_posts.tpl
copy root/templates/subSilver/search_results_topics.tpl to templates/newStyle/search_results_topics.tpl
copy root/templates/subSilver/search_username.tpl to templates/newStyle/search_username.tpl
copy root/templates/subSilver/simple_footer.tpl to templates/newStyle/simple_footer.tpl
copy root/templates/subSilver/simple_header.tpl to templates/newStyle/simple_header.tpl
copy root/templates/subSilver/subSilver.cfg to templates/newStyle/newStyle.cfg
copy root/templates/subSilver/subSilver.css to templates/newStyle/newStyle.css
copy root/templates/subSilver/theme_info.cfg to templates/newStyle/theme_info.cfg
copy root/templates/subSilver/viewforum_body.tpl to templates/newStyle/viewforum_body.tpl
copy root/templates/subSilver/viewonline_body.tpl to templates/newStyle/viewonline_body.tpl
copy root/templates/subSilver/viewtopic_body.tpl to templates/newStyle/viewtopic_body.tpl
copy root/templates/subSilver/viewtopic_poll_ballot.tpl to templates/newStyle/viewtopic_poll_ballot.tpl
copy root/templates/subSilver/viewtopic_poll_result.tpl to templates/newStyle/viewtopic_poll_result.tpl

copy root/templates/subSilver/admin/admin_message_body.tpl to templates/newStyle/admin/admin_message_body.tpl
copy root/templates/subSilver/admin/auth_forum_body.tpl to templates/newStyle/admin/auth_forum_body.tpl
copy root/templates/subSilver/admin/auth_select_body.tpl to templates/newStyle/admin/auth_select_body.tpl
copy root/templates/subSilver/admin/auth_ug_body.tpl to templates/newStyle/admin/auth_ug_body.tpl
copy root/templates/subSilver/admin/board_config_body.tpl to templates/newStyle/admin/board_config_body.tpl
copy root/templates/subSilver/admin/category_edit_body.tpl to templates/newStyle/admin/category_edit_body.tpl
copy root/templates/subSilver/admin/db_utils_backup_body.tpl to templates/newStyle/admin/db_utils_backup_body.tpl
copy root/templates/subSilver/admin/db_utils_restore_body.tpl to templates/newStyle/admin/db_utils_restore_body.tpl
copy root/templates/subSilver/admin/disallow_body.tpl to templates/newStyle/admin/disallow_body.tpl
copy root/templates/subSilver/admin/forum_admin_body.tpl to templates/newStyle/admin/forum_admin_body.tpl
copy root/templates/subSilver/admin/forum_delete_body.tpl to templates/newStyle/admin/forum_delete_body.tpl
copy root/templates/subSilver/admin/forum_edit_body.tpl to templates/newStyle/admin/forum_edit_body.tpl
copy root/templates/subSilver/admin/forum_prune_body.tpl to templates/newStyle/admin/forum_prune_body.tpl
copy root/templates/subSilver/admin/forum_prune_result_body.tpl to templates/newStyle/admin/forum_prune_result_body.tpl
copy root/templates/subSilver/admin/forum_prune_select_body.tpl to templates/newStyle/admin/forum_prune_select_body.tpl
copy root/templates/subSilver/admin/group_edit_body.tpl to templates/newStyle/admin/group_edit_body.tpl
copy root/templates/subSilver/admin/group_select_body.tpl to templates/newStyle/admin/group_select_body.tpl
copy root/templates/subSilver/admin/index.htm to templates/newStyle/admin/index.htm
copy root/templates/subSilver/admin/index_body.tpl to templates/newStyle/admin/index_body.tpl
copy root/templates/subSilver/admin/index_frameset.tpl to templates/newStyle/admin/index_frameset.tpl
copy root/templates/subSilver/admin/index_navigate.tpl to templates/newStyle/admin/index_navigate.tpl
copy root/templates/subSilver/admin/page_footer.tpl to templates/newStyle/admin/page_footer.tpl
copy root/templates/subSilver/admin/page_header.tpl to templates/newStyle/admin/page_header.tpl
copy root/templates/subSilver/admin/ranks_edit_body.tpl to templates/newStyle/admin/ranks_edit_body.tpl
copy root/templates/subSilver/admin/ranks_list_body.tpl to templates/newStyle/admin/ranks_list_body.tpl
copy root/templates/subSilver/admin/smile_edit_body.tpl to templates/newStyle/admin/smile_edit_body.tpl
copy root/templates/subSilver/admin/smile_import_body.tpl to templates/newStyle/admin/smile_import_body.tpl
copy root/templates/subSilver/admin/smile_list_body.tpl to templates/newStyle/admin/smile_list_body.tpl
copy root/templates/subSilver/admin/styles_addnew_body.tpl to templates/newStyle/admin/styles_addnew_body.tpl
copy root/templates/subSilver/admin/styles_edit_body.tpl to templates/newStyle/admin/styles_edit_body.tpl
copy root/templates/subSilver/admin/styles_exporter.tpl to templates/newStyle/admin/styles_exporter.tpl
copy root/templates/subSilver/admin/styles_list_body.tpl to templates/newStyle/admin/styles_list_body.tpl
copy root/templates/subSilver/admin/user_avatar_gallery.tpl to templates/newStyle/admin/user_avatar_gallery.tpl
copy root/templates/subSilver/admin/user_ban_body.tpl to templates/newStyle/admin/user_ban_body.tpl
copy root/templates/subSilver/admin/user_edit_body.tpl to templates/newStyle/admin/user_edit_body.tpl
copy root/templates/subSilver/admin/user_email_body.tpl to templates/newStyle/admin/user_email_body.tpl
copy root/templates/subSilver/admin/user_select_body.tpl to templates/newStyle/admin/user_select_body.tpl
copy root/templates/subSilver/admin/words_edit_body.tpl to templates/newStyle/admin/words_edit_body.tpl
copy root/templates/subSilver/admin/words_list_body.tpl to templates/newStyle/admin/words_list_body.tpl

copy root/templates/subSilver/images/cellpic1.gif to templates/newStyle/images/cellpic1.gif
copy root/templates/subSilver/images/cellpic2.jpg to templates/newStyle/images/cellpic2.jpg
copy root/templates/subSilver/images/cellpic3.gif to templates/newStyle/images/cellpic3.gif
copy root/templates/subSilver/images/cellpic.gif to templates/newStyle/images/cellpic.gif
copy root/templates/subSilver/images/folder.gif to templates/newStyle/images/folder.gif
copy root/templates/subSilver/images/folder_announce.gif to templates/newStyle/images/folder_announce.gif
copy root/templates/subSilver/images/folder_announce_new.gif to templates/newStyle/images/folder_announce_new.gif
copy root/templates/subSilver/images/folder_big.gif to templates/newStyle/images/folder_big.gif
copy root/templates/subSilver/images/folder_hot.gif to templates/newStyle/images/folder_hot.gif
copy root/templates/subSilver/images/folder_lock.gif to templates/newStyle/images/folder_lock.gif
copy root/templates/subSilver/images/folder_lock_new.gif to templates/newStyle/images/folder_lock_new.gif
copy root/templates/subSilver/images/folder_locked_big.gif to templates/newStyle/images/folder_locked_big.gif
copy root/templates/subSilver/images/folder_new.gif to templates/newStyle/images/folder_new.gif
copy root/templates/subSilver/images/folder_new_big.gif to templates/newStyle/images/folder_new_big.gif
copy root/templates/subSilver/images/folder_new_hot.gif to templates/newStyle/images/folder_new_hot.gif
copy root/templates/subSilver/images/folder_sticky.gif to templates/newStyle/images/folder_sticky.gif
copy root/templates/subSilver/images/folder_sticky_new.gif to templates/newStyle/images/folder_sticky_new.gif
copy root/templates/subSilver/images/icon_delete.gif to templates/newStyle/images/icon_delete.gif
copy root/templates/subSilver/images/icon_latest_reply.gif to templates/newStyle/images/icon_latest_reply.gif
copy root/templates/subSilver/images/icon_mini_faq.gif to templates/newStyle/images/icon_mini_faq.gif
copy root/templates/subSilver/images/icon_mini_groups.gif to templates/newStyle/images/icon_mini_groups.gif
copy root/templates/subSilver/images/icon_mini_login.gif to templates/newStyle/images/icon_mini_login.gif
copy root/templates/subSilver/images/icon_mini_members.gif to templates/newStyle/images/icon_mini_members.gif
copy root/templates/subSilver/images/icon_mini_message.gif to templates/newStyle/images/icon_mini_message.gif
copy root/templates/subSilver/images/icon_mini_profile.gif to templates/newStyle/images/icon_mini_profile.gif
copy root/templates/subSilver/images/icon_mini_register.gif to templates/newStyle/images/icon_mini_register.gif
copy root/templates/subSilver/images/icon_mini_search.gif to templates/newStyle/images/icon_mini_search.gif
copy root/templates/subSilver/images/icon_minipost.gif to templates/newStyle/images/icon_minipost.gif
copy root/templates/subSilver/images/icon_minipost_new.gif to templates/newStyle/images/icon_minipost_new.gif
copy root/templates/subSilver/images/icon_newest_reply.gif to templates/newStyle/images/icon_newest_reply.gif
copy root/templates/subSilver/admin/index.htm to templates/newStyle/images/index.htm
copy root/templates/subSilver/images/logo_phpBB.gif to templates/newStyle/images/logo_phpBB.gif
copy root/templates/subSilver/images/logo_phpBB_med.gif to templates/newStyle/images/logo_phpBB_med.gif
copy root/templates/subSilver/images/msg_inbox.gif to templates/newStyle/images/msg_inbox.gif
copy root/templates/subSilver/images/msg_outbox.gif to templates/newStyle/images/msg_outbox.gif
copy root/templates/subSilver/images/msg_savebox.gif to templates/newStyle/images/msg_savebox.gif
copy root/templates/subSilver/images/msg_sentbox.gif to templates/newStyle/images/msg_sentbox.gif
copy root/templates/subSilver/images/spacer.gif to templates/newStyle/images/spacer.gif
copy root/templates/subSilver/images/topic_delete.gif to templates/newStyle/images/topic_delete.gif
copy root/templates/subSilver/images/topic_lock.gif to templates/newStyle/images/topic_lock.gif
copy root/templates/subSilver/images/topic_move.gif to templates/newStyle/images/topic_move.gif
copy root/templates/subSilver/images/topic_split.gif to templates/newStyle/images/topic_split.gif
copy root/templates/subSilver/images/topic_unlock.gif to templates/newStyle/images/topic_unlock.gif
copy root/templates/subSilver/images/vote_lcap.gif to templates/newStyle/images/vote_lcap.gif
copy root/templates/subSilver/images/vote_rcap.gif to templates/newStyle/images/vote_rcap.gif
copy root/templates/subSilver/images/voting_bar.gif to templates/newStyle/images/voting_bar.gif
copy root/templates/subSilver/images/whosonline.gif to templates/newStyle/images/whosonline.gif

copy root/templates/subSilver/images/lang_english/icon_aim.gif to templates/newStyle/images/lang_english/icon_aim.gif
copy root/templates/subSilver/images/lang_english/icon_edit.gif to templates/newStyle/images/lang_english/icon_edit.gif
copy root/templates/subSilver/images/lang_english/icon_email.gif to templates/newStyle/images/lang_english/icon_email.gif
copy root/templates/subSilver/images/lang_english/icon_icq_add.gif to templates/newStyle/images/lang_english/icon_icq_add.gif
copy root/templates/subSilver/images/lang_english/icon_ip.gif to templates/newStyle/images/lang_english/icon_ip.gif
copy root/templates/subSilver/images/lang_english/icon_msnm.gif to templates/newStyle/images/lang_english/icon_msnm.gif
copy root/templates/subSilver/images/lang_english/icon_pm.gif to templates/newStyle/images/lang_english/icon_pm.gif
copy root/templates/subSilver/images/lang_english/icon_profile.gif to templates/newStyle/images/lang_english/icon_profile.gif
copy root/templates/subSilver/images/lang_english/icon_quote.gif to templates/newStyle/images/lang_english/icon_quote.gif
copy root/templates/subSilver/images/lang_english/icon_search.gif to templates/newStyle/images/lang_english/icon_search.gif
copy root/templates/subSilver/images/lang_english/icon_www.gif to templates/newStyle/images/lang_english/icon_www.gif
copy root/templates/subSilver/images/lang_english/icon_yim.gif to templates/newStyle/images/lang_english/icon_yim.gif
copy root/templates/subSilver/admin/index.htm to templates/newStyle/images/lang_english/index.htm
copy root/templates/subSilver/images/lang_english/msg_newpost.gif to templates/newStyle/images/lang_english/msg_newpost.gif
copy root/templates/subSilver/images/lang_english/post.gif to templates/newStyle/images/lang_english/post.gif
copy root/templates/subSilver/images/lang_english/reply.gif to templates/newStyle/images/lang_english/reply.gif
copy root/templates/subSilver/images/lang_english/reply-locked.gif to templates/newStyle/images/lang_english/reply-locked.gif

#copy visual_confirmation/board_config_body.tpl to templates/newStyle/admin/board_config_body.tpl
# 
#-----[ SAVE/CLOSE ALL FILES ]-------------------------------- 
# 
# EoM